ID,SMILES,standard_value,pIC50
CHEMBL2402207,COc1ccc(S(=O)(=O)Nc2ccc(NS(=O)(=O)c3ccc(OC)cc3)c3ccccc23)cc1,2700.0,5.568636235841012
CHEMBL2402206,Cc1ccc(S(=O)(=O)c2cnc(SCC(=O)Nc3ccccc3C(F)(F)F)[nH]c2=O)c(C)c1,118000.0,3.928117992693875
CHEMBL2402205,CC(C)C[C@H](NC(=O)[C@H](Cc1ccccc1)NC(=O)[C@H](CCC(=O)O)NC(=O)CNC(=O)[C@@H](NC(=O)[C@H](CCC(=O)O)NC(=O)[C@H](CCC(=O)O)NC(=O)[C@H](CC(=O)O)NC(=O)[C@H](CC(C)C)NC(=O)[C@H](CCC(N)=O)NC(=O)[C@H](CC(C)C)NC(=O)[C@H](CCC(N)=O)NC(=O)[C@H](C)NC(=O)[C@H](Cc1ccccc1)NC(=O)[C@H](Cc1ccccc1)NC(=O)[C@H](C)N)[C@@H](C)O)C(=O)O,33.0,7.481486060122112
CHEMBL3237245,COc1ccc(S(=O)(=O)N(CC(=O)O)c2ccc(N(CC(=O)O)S(=O)(=O)c3ccc(OC)cc3)c3ccccc23)cc1,20.0,7.698970004336019
CHEMBL3632699,COc1cccc(S(=O)(=O)Nc2ccc(NS(=O)(=O)c3cccc(OC)c3)c3ccccc23)c1,2300.0,5.638272163982407
CHEMBL3632711,COc1ccc(S(=O)(=O)N(CC(N)=O)c2ccc(N(CC(N)=O)S(=O)(=O)c3ccc(OC)cc3)c3ccccc23)cc1,44.0,7.356547323513812
CHEMBL3632882,CCOC(=O)CN(c1ccc(NS(=O)(=O)c2ccc(OC)cc2)c2ccccc12)S(=O)(=O)c1ccc(OC)cc1,400.0,6.3979400086720375
CHEMBL3617852,COc1ccc(S(=O)(=O)Nc2ccc(N(CC(=O)O)S(=O)(=O)c3ccc(OC)cc3)c3ccccc23)cc1,110.0,6.958607314841775
CHEMBL3818085,CN(Cc1cc([C@H](CC(=O)O)c2ccc3c(c2)nnn3C)ccc1Cl)S(=O)(=O)c1ccccc1,270.0,6.568636235841012
CHEMBL3819169,CN(Cc1cc(C(CC(=O)O)c2ccc3c(c2)nnn3C)ccc1Cl)S(C)(=O)=O,3400.0,5.468521082957745
CHEMBL3819386,Cn1nnc2cc(C(CC(=O)O)c3ccc(Cl)cc3)ccc21,61000.0,4.214670164989233
CHEMBL3827061,Cc1nc(-c2ccccc2)sc1S(=O)(=O)Nc1ccc(N2CC[C@@H](C(=O)O)C2)c2ccccc12,400.0,6.3979400086720375
CHEMBL3827496,Cc1cc(C)c(C)c(S(=O)(=O)Nc2ccc(N3CC[C@@H](C(=O)O)C3)c3ncccc23)c1C,700.0,6.154901959985743
CHEMBL3826983,COc1cc(C)ccc1S(=O)(=O)Nc1ccc(N2CC[C@@H](C(=O)O)C2)c2ccccc12,5400.0,5.267606240177031
CHEMBL3827630,Cc1c(S(=O)(=O)Nc2ccc(N3CC[C@@H](C(=O)O)C3)c3ccccc23)sc2ccc(Cl)cc12,200.0,6.698970004336019
CHEMBL3827626,Cc1cc(C)c(C)c(S(=O)(=O)Nc2ccc(N3CC[C@@H](C(=O)O)C3)c3ccccc23)c1C,100.0,7.0
CHEMBL3827019,Cc1cc(C)c(C)c(S(=O)(=O)Nc2ccc(N3CCC(C(=O)O)C3)c3ccccc23)c1C,200.0,6.698970004336019
CHEMBL3913014,CC(=O)N[C@H]1CSSC[C@@H](C(=O)O)NC(=O)[C@H](CC(C)C)NC(=O)[C@H](Cc2ccc(O)cc2)NC(=O)[C@H](CCC(=O)O)NC(=O)CNC(=O)[C@H]([C@@H](C)O)NC(=O)[C@H](CCC(=O)O)NC(=O)[C@@H]2CCCN2C(=O)[C@H](CC(=O)O)NC(=O)[C@H](CC(C)C)NC1=O,9.45,8.024568191490737
CHEMBL3982888,CC(=O)N[C@@H](CC(C)C)C(=O)N[C@@H](CC(=O)O)C(=O)N1CCC[C@H]1C(=O)N[C@@H](CCC(=O)O)C(=O)N[C@H](C(=O)NCC(=O)N[C@@H](CCC(=O)O)C(=O)N[C@@H](Cc1ccc(O)cc1)C(=O)N[C@@H](CC(C)C)C(=O)O)[C@@H](C)O,29.6,7.528708288941061
CHEMBL3928693,CC(=O)N[C@@H](CC(=O)O)C(=O)N1CCC[C@H]1C(=O)N[C@@H](CCC(=O)O)C(=O)N[C@H](C(=O)NCC(=O)N[C@@H](CCC(=O)O)C(=O)N[C@@H](CC(C)C)C(=O)O)[C@@H](C)O,115.0,6.939302159646388
CHEMBL3967367,CC(=O)N[C@@H](CC(=O)O)C(=O)N[C@@H](CCC(=O)O)C(=O)N[C@@H](CCC(=O)O)C(=O)N[C@H](C(=O)NCC(=O)N[C@@H](CCC(=O)O)C(=O)N[C@@H](Cc1ccccc1)C(=O)N[C@@H](CC(C)C)C(=O)O)[C@@H](C)O,5390.0,5.268411234813261
CHEMBL3890847,Cc1cccc2c1CCN(C(=O)[C@@H]1CCCC[C@@H]1C(=O)O)[C@@H]2CN1Cc2ccccc2C1=O,750.0,6.1249387366083
CHEMBL3970907,CC(=O)N[C@@H](CC(=O)O)C(=O)N[C@@H](C)C(=O)N[C@@H](CCC(=O)O)C(=O)N[C@H](C(=O)NCC(=O)N[C@@H](CCC(=O)O)C(=O)N[C@@H](Cc1ccccc1)C(=O)O)[C@@H](C)O,730.0,6.136677139879544
CHEMBL3134422,CC(=O)N[C@@H](CC(C)C)C(=O)N[C@@H](CC(=O)O)C(=O)N[C@@H](CCC(=O)O)C(=O)N[C@@H](CCC(=O)O)C(=O)N[C@H](C(=O)NCC(=O)N[C@@H](CCC(=O)O)C(=O)N[C@@H](Cc1ccccc1)C(=O)N[C@@H](CC(C)C)C(N)=O)[C@@H](C)O,194.0,6.7121982700697735
CHEMBL3975863,CC(C)C[C@H](NC(=O)[C@H](Cc1ccccc1)NC(=O)[C@H](CCC(=O)O)NC(=O)CNC(=O)[C@@H](NC(=O)[C@H](CCC(=O)O)NC(=O)[C@H](CCC(=O)O)NC(=O)[C@H](CC(=O)O)NC(=O)[C@@H](N)CC(C)C)[C@@H](C)O)C(N)=O,3570.0,5.447331783887806
CHEMBL3965115,CC(=O)N[C@@H](CC(C)C)C(=O)N[C@@H](CC(=O)O)C(=O)N1CCC[C@H]1C(=O)N[C@@H](CCC(=O)O)C(=O)N[C@H](C(=O)NCC(=O)N[C@@H](CCC(=O)O)C(=O)N[C@@H](Cc1ccccc1)C(=O)N[C@@H](CC(C)C)C(=O)O)[C@@H](C)O,42.6,7.370590400897282
CHEMBL3908796,CC(=O)N[C@@H](CC(=O)O)C(=O)N1CCC[C@H]1C(=O)N[C@@H](CCC(=O)O)C(=O)N[C@H](C(=O)NCC(=O)N[C@@H](CCC(=O)O)C(=O)N[C@@H](Cc1ccccc1)C(=O)O)[C@@H](C)O,248.0,6.605548319173783
CHEMBL4077198,CCOc1ccc(S(=O)(=O)Nc2cc3c(C(=O)NO)c(C)n(S(=O)(=O)c4ccc(OCC)cc4)c3c3ccccc23)cc1,200.0,6.698970004336019
CHEMBL4083845,CCOc1ccc(S(=O)(=O)Nc2cc3c(C(=O)NN)c(C)n(S(=O)(=O)c4ccc(OCC)cc4)c3c3ccccc23)cc1,160.0,6.795880017344075
CHEMBL4062108,CNNC(=O)c1c(C)n(S(=O)(=O)c2ccc(OC)cc2)c2c1cc(NS(=O)(=O)c1ccc(OC)cc1)c1ccccc12,290.0,6.537602002101044
CHEMBL4091619,COc1ccc(S(=O)(=O)Nc2cc3c(C(=O)NNc4ccccc4)c(C)n(S(=O)(=O)c4ccc(OC)cc4)c3c3ccccc23)cc1,180.0,6.7447274948966935
CHEMBL4070735,COc1ccc(S(=O)(=O)Nc2cc3c(C(=O)NNc4ccc([N+](=O)[O-])cc4)c(C)n(S(=O)(=O)c4ccc(OC)cc4)c3c3ccccc23)cc1,260.0,6.585026652029182
CHEMBL4099355,COc1ccc(NNC(=O)c2c(C)n(S(=O)(=O)c3ccc(OC)cc3)c3c2cc(NS(=O)(=O)c2ccc(OC)cc2)c2ccccc23)cc1,170.0,6.769551078621726
CHEMBL4159153,O=C(O)[C@H]1CCC[C@H]1C(=O)N1CCc2ccccc2[C@H]1CN1C(=O)c2ccccc2C1=O,2200.0,5.657577319177793
CHEMBL4166378,O=C(O)[C@H]1CC[C@H]1C(=O)N1CCc2ccccc2[C@H]1CN1C(=O)c2ccccc2C1=O,8000.0,5.096910013008056
CHEMBL4174294,O=C(O)[C@H]1C[C@H]1C(=O)N1CCc2ccccc2[C@H]1CN1C(=O)c2ccccc2C1=O,20800.0,4.681936665037238
CHEMBL4162919,O=C(O)[C@H]1CCNC[C@H]1C(=O)N1CCc2ccccc2[C@H]1CN1C(=O)c2ccccc2C1=O,69700.0,4.15676722190199
CHEMBL2381968,O=C(O)[C@H]1CCCC[C@H]1C(=O)N1CCc2ccccc2[C@H]1CN1C(=O)c2ccccc2C1=O,1100.0,5.958607314841775
CHEMBL4159561,O=C(O)[C@H]1CCCC[C@H]1C(=O)N1CCc2ccccc2[C@H]1CN1C(=O)CCC1=O,1200.0,5.920818753952375
CHEMBL4167472,O=C1c2ccccc2C(=O)N1C[C@@H]1c2ccccc2CCN1C(=O)[C@@H]1CCCC[C@@H]1c1nn[nH]n1,7400.0,5.130768280269024
CHEMBL4167793,Cc1cccc2c1CCN(C(=O)[C@@H]1CCCC[C@@H]1C(=O)O)[C@@H]2CN1C(=O)c2ccccc2C1=O,750.0,6.1249387366083
CHEMBL4174405,CC(=O)NCC(=O)N[C@@H](CCC(N)=O)C(=O)N[C@@H](CC(C)C)C(=O)N[C@@H](CC(=O)O)C(=O)N1CCC[C@H]1C(=O)N[C@@H](CCC(=O)O)C(=O)N[C@H](C(=O)NCC(=O)N[C@@H](CCC(=O)O)C(=O)N[C@@H](Cc1ccccc1)C(=O)N[C@@H](CC(C)C)C(=O)O)[C@@H](C)O,63.15,7.19962664510865
CHEMBL4169002,CC(C)C[C@@H]1NC(=O)[C@H](Cc2ccccc2)NC(=O)[C@H](CCC(=O)O)NC(=O)CNC(=O)[C@H]([C@@H](C)O)NC(=O)[C@H](CCC(=O)O)NC(=O)[C@@H]2CCCN2C(=O)[C@H](CC(=O)O)NC(=O)[C@H](CC(C)C)NC(=O)[C@H](CCC(N)=O)NC(=O)CNC1=O,18.31,7.737311655698304
CHEMBL4175603,CCCC[C@@H]1CCCN1C(=O)c1cccc(-c2cccc(-n3ncc(C(=O)O)c3C3CC3)c2)c1,10.0,8.0
CHEMBL3899754,Cc1cc(C)c(C)c(S(=O)(=O)Nc2ccc(N3CC[C@H](C(=O)O)C3)c3ccccc23)c1C,140.0,6.853871964321762
CHEMBL4587621,CC(=O)Nc1ccc(S(=O)(=O)N(CC(=O)O)c2ccc(N3CCC[C@H]3C(=O)O)c3ccccc23)cc1,2770.0,5.557520230935552
CHEMBL4474076,Cc1cc(C)c(S(=O)(=O)N(CC(=O)O)c2ccc(N3CCC[C@H]3C(=O)O)c3ccccc23)c(C)c1,15920.0,4.79805693659835
CHEMBL4471657,Cc1ccc(S(=O)(=O)N(CC(=O)O)c2ccc(N3CCC[C@H]3C(=O)O)c3ccccc23)cc1,7010.0,5.154281982033341
CHEMBL4518400,COc1ccc(S(=O)(=O)N(CC(=O)O)c2ccc(N3CCC[C@@H]3C(=O)O)c3ccccc23)cc1,14790.0,4.830031826003108
CHEMBL4461055,COc1ccc(S(=O)(=O)Nc2ccc(N3CCC[C@H]3C(=O)O)c3ccccc23)cc1,18400.0,4.735182176990463
CHEMBL4588743,COc1ccc(S(=O)(=O)N(CC(=O)O)c2ccc(N3CCC[C@H]3C(=O)O)c3ccccc23)cc1,43.0,7.366531544420413
CHEMBL4462141,COc1ccc(S(=O)(=O)N(CC(=O)O)c2ccc(N[C@@H](Cc3c[nH]c4ccccc34)C(=O)O)c3ccccc23)cc1,590.0,6.229147988357855
CHEMBL4450491,COc1ccc(S(=O)(=O)N(CC(=O)O)c2ccc(N[C@@H](Cc3ccc(O)cc3)C(=O)O)c3ccccc23)cc1,7260.0,5.139063379299906
CHEMBL4438367,COc1ccc(S(=O)(=O)Nc2ccc(N[C@@H](Cc3ccccc3)C(=O)O)c3ccccc23)cc1,13760.0,4.8613815661005075
CHEMBL4440603,COc1ccc(S(=O)(=O)N(CC(=O)O)c2ccc(N[C@@H](Cc3ccccc3)C(=O)O)c3ccccc23)cc1,300.0,6.522878745280337
CHEMBL4446724,COc1ccc(S(=O)(=O)Nc2ccc(N[C@@H](CCC(=O)O)C(=O)O)c3ccccc23)cc1,12370.0,4.907630300370879
CHEMBL4438752,COc1ccc(S(=O)(=O)N(CC(=O)O)c2ccc(N[C@@H](CCC(=O)O)C(=O)O)c3ccccc23)cc1,550.0,6.259637310505756
CHEMBL4439070,COc1ccc(S(=O)(=O)Nc2ccc(N[C@@H](CC(=O)O)C(=O)O)c3ccccc23)cc1,10100.0,4.995678626217358
CHEMBL4522423,COc1ccc(S(=O)(=O)N(CC(=O)O)c2ccc(N[C@@H](CC(=O)O)C(=O)O)c3ccccc23)cc1,450.0,6.346787486224656
CHEMBL4515546,COc1ccc(S(=O)(=O)Nc2ccc(N[C@H](C(=O)O)[C@@H](C)OC(C)(C)C)c3ccccc23)cc1,4250.0,5.371611069949688
CHEMBL4441181,COc1ccc(S(=O)(=O)N(CC(=O)O)c2ccc(N[C@H](C(=O)O)[C@@H](C)OC(C)(C)C)c3ccccc23)cc1,1300.0,5.886056647693163
CHEMBL4454849,COc1ccc(S(=O)(=O)Nc2ccc(N[C@@H](COC(C)(C)C)C(=O)O)c3ccccc23)cc1,33280.0,4.477816682381314
CHEMBL4590033,COc1ccc(S(=O)(=O)N(CC(=O)O)c2ccc(N[C@@H](COC(C)(C)C)C(=O)O)c3ccccc23)cc1,1130.0,5.94692155651658
CHEMBL4466277,COc1ccc(S(=O)(=O)N(CC(=O)O)c2ccc(N[C@H](C(=O)O)C(C)(C)C)c3ccccc23)cc1,11010.0,4.9582126810282485
CHEMBL4535811,COc1ccc(S(=O)(=O)N(CC(=O)O)c2ccc(N[C@@H](CCS(C)(=O)=O)C(=O)O)c3ccccc23)cc1,1060.0,5.97469413473523
CHEMBL4564764,COc1ccc(S(=O)(=O)Nc2ccc(N[C@@H](CCSC)C(=O)O)c3ccccc23)cc1,1590.0,5.798602875679549
CHEMBL4457575,COc1ccc(S(=O)(=O)N(CC(=O)O)c2ccc(N[C@@H](CCSC)C(=O)O)c3ccccc23)cc1,1320.0,5.8794260687941495
CHEMBL4573058,COc1ccc(S(=O)(=O)N(CC(=O)O)c2ccc(N[C@@H](CC(C)C)C(=O)O)c3ccccc23)cc1,33900.0,4.4698003017969175
CHEMBL4529979,CC[C@H](C)[C@H](Nc1ccc(NS(=O)(=O)c2ccc(OC)cc2)c2ccccc12)C(=O)O,27740.0,4.556893543262734
CHEMBL4445846,CC[C@H](C)[C@H](Nc1ccc(N(CC(=O)O)S(=O)(=O)c2ccc(OC)cc2)c2ccccc12)C(=O)O,1490.0,5.826813731587726
CHEMBL4527377,COc1ccc(S(=O)(=O)N(CC(=O)O)c2ccc(N[C@H](C(=O)O)C(C)C)c3ccccc23)cc1,4280.0,5.368556230986828
CHEMBL4576001,COc1ccc(S(=O)(=O)N(CC(=O)O)c2ccc(N[C@@H](C)C(=O)O)c3ccccc23)cc1,3290.0,5.482804102050025
CHEMBL3235901,CC(C)c1ccc(S(=O)(=O)Nc2cc(Sc3nc[nH]n3)c(O)c3ccccc23)cc1,100000.0,4.0
CHEMBL4440989,CCCCC1CCCN1C(=O)[C@@H]1CCC[C@H](c2cccc(-n3ncc(C(=O)O)c3C3CC3)c2)C1,63.0,7.200659450546418
CHEMBL3819587,COc1cc([C@@H](CC(=O)O)c2ccc(C)c(CN3C[C@@H](C)Oc4ccccc4S3(=O)=O)c2)cc2nnn(C)c12,8.0,8.096910013008056
CHEMBL4588168,Cn1ccc(C(CC(=O)O)c2ccc(Cl)cc2)cc1=O,260000.0,3.585026652029182
CHEMBL4572418,Cn1nnc2cc([C@H](CC(=O)O)c3ccc(Cl)cc3)ccc21,170000.0,3.769551078621726
CHEMBL4436743,Cn1nnc2cc([C@@H](CC(=O)O)c3ccc(Cl)cc3)ccc21,47000.0,4.327902142064283
CHEMBL4461044,O=C(O)CC(c1ccc(Cl)cc1)c1ccn2cnnc2c1,330000.0,3.481486060122113
CHEMBL4552527,Cc1cc(C(CC(=O)O)c2ccc3c(c2)nnn3C)ccc1Cl,44000.0,4.356547323513812
CHEMBL4528658,Cn1nnc2cc(C(CC(=O)O)c3ccc(Cl)c(CO)c3)ccc21,140000.0,3.853871964321762
CHEMBL4570791,CN(Cc1cc(C(CC(=O)O)c2ccc3c(c2)nnn3C)ccc1Cl)S(=O)(=O)c1cccnc1,580.0,6.236572006437063
CHEMBL4542179,Cc1c(S(=O)(=O)N(C)Cc2cc(C(CC(=O)O)c3ccc4c(c3)nnn4C)ccc2Cl)cnn1C,320.0,6.494850021680094
CHEMBL4452805,CN(Cc1cc(C(CC(=O)O)c2ccc3c(c2)nnn3C)ccc1Cl)S(=O)(=O)C1CCCCC1,2400.0,5.619788758288394
CHEMBL4473977,Cc1ccc(C(CC(=O)O)c2ccc3c(c2)nnn3C)cc1CN(C)S(=O)(=O)c1ccccc1,130.0,6.886056647693163
CHEMBL4554007,COc1cc(C(CC(=O)O)c2ccc(C)c(CN(C)S(=O)(=O)c3ccccc3)c2)cc2nnn(C)c12,69.0,7.161150909262744
CHEMBL4464511,COc1cc(C(CC(=O)O)c2ccc(C)c(CN3CCOc4ccccc4S3(=O)=O)c2)cc2nnn(C)c12,47.0,7.327902142064282
CHEMBL4540327,COc1cc(C(CC(=O)O)c2ccc(C)c(CN3CCN(C)c4ccccc4S3(=O)=O)c2)cc2nnn(C)c12,37.0,7.431798275933005
CHEMBL4567490,COc1cc(C(CC(=O)O)c2ccc(C)c(CN3C(C)COc4ccccc4S3(=O)=O)c2)cc2nnn(C)c12,260.0,6.585026652029182
CHEMBL4447060,COc1cc(C(CC(=O)O)c2ccc(C)c(CN3CC(C)Oc4ccccc4S3(=O)=O)c2)cc2nnn(C)c12,20.0,7.698970004336019
CHEMBL4454051,COc1cc(C(CC(=O)O)c2cccc(CN3CC(C)Oc4ccccc4S3(=O)=O)c2)cc2nnn(C)c12,180.0,6.7447274948966935
CHEMBL4450921,COc1cc(C(CC(=O)O)c2ccc(C)c(CN3C[C@@H](C)Oc4ccccc4S3(=O)=O)c2)cc2nnn(C)c12,10.0,8.0
CHEMBL4457466,COc1cc(C(CC(=O)O)c2ccc(C)c(CN3C[C@H](C)Oc4ccccc4S3(=O)=O)c2)cc2nnn(C)c12,42.0,7.376750709602099
CHEMBL4578025,COc1cc([C@H](CC(=O)O)c2ccc(C)c(CN3C[C@@H](C)Oc4ccccc4S3(=O)=O)c2)cc2nnn(C)c12,24.0,7.619788758288394
CHEMBL4516372,C[C@@H](O)[C@H](NC(=O)[C@H](CCC(=O)O)NC(=O)C1CSCN1C(=O)[C@@H](N)CC(=O)O)C(=O)NCC(=O)N[C@@H](CCC(=O)O)C(=O)NC(CC1CCCCC1)C(=O)O,31.0,7.508638306165727
CHEMBL4545736,COc1ccc(S(=O)(=O)N(CC(=O)O)c2ccc(N(CC(=O)O)S(=O)(=O)c3ccc(NC(=O)CCCC(=O)NCCNC(=O)CCCC[C@@H]4SC[C@@H]5NC(=O)N[C@@H]54)cc3)c3ccccc23)cc1,74.0,7.130768280269024
CHEMBL4440393,COc1ccc(S(=O)(=O)N(CC(=O)O)c2ccc(N(CC(=O)O)S(=O)(=O)c3ccc(NC(=O)CCCC(=O)NCCN)cc3)c3ccccc23)cc1,30.7,7.512861624522813
CHEMBL4634320,COc1ccc(S(=O)(=O)Cc2ccc(NS(=O)(=O)c3ccc(OC)cc3)c3ccccc23)cc1,3000.0,5.522878745280337
CHEMBL4634673,COc1ccc(S(=O)(=O)Cc2ccc(N(CC(=O)O)S(=O)(=O)c3ccc(OC)cc3)c3ccccc23)cc1,678.0,6.168770306132936
CHEMBL4635294,COc1ccc(CCc2ccc(N(CC(=O)O)S(=O)(=O)c3ccc(OC)cc3)c3ccccc23)cc1,1500.0,5.823908740944319
CHEMBL4645572,COc1ccc(S(=O)(=O)N(CC(=O)O)c2ccc(/C=C/C(=O)O)c3ccccc23)cc1,13000.0,4.886056647693163
CHEMBL4649151,COc1ccc(S(=O)(=O)N(CC(=O)O)c2ccc(CCC(=O)O)c3ccccc23)cc1,9300.0,5.031517051446064
CHEMBL4641126,COc1ccc(S(=O)(=O)Cc2ccc(N(C(C)C(=O)O)S(=O)(=O)c3ccc(OC)cc3)c3ccccc23)cc1,189.0,6.723538195826755
CHEMBL4649087,COc1ccc(S(=O)(=O)Cc2ccc(N(C(C(=O)O)c3ccccc3)S(=O)(=O)c3ccc(OC)cc3)c3ccccc23)cc1,14000.0,4.853871964321762
CHEMBL4632368,COc1ccc(S(=O)(=O)Nc2ccc(N(C(C)C(=O)O)S(=O)(=O)c3ccc(OC)cc3)c3ccccc23)cc1,126.0,6.899629454882437
CHEMBL4632722,COc1ccc(S(=O)(=O)Cc2ccc(N([C@H](C)C(=O)O)S(=O)(=O)c3ccc(OC)cc3)c3ccccc23)cc1,151.0,6.821023052706831
CHEMBL4647946,COc1ccc(S(=O)(=O)Cc2ccc(N([C@@H](C)C(=O)O)S(=O)(=O)c3ccc(OC)cc3)c3ccccc23)cc1,241.0,6.617982957425132
CHEMBL4648717,NC(=O)[C@H]1CC[C@H]1C(=O)N1CCc2c(OCCO)cccc2[C@H]1CN1C(=O)c2ccccc2C1=O,2545.0,5.594312213327223
CHEMBL4649380,O=C(O)[C@H]1CC[C@H]1C(=O)N1CCc2c(OCCO)cccc2[C@H]1CN1C(=O)c2ccccc2C1=O,3102.0,5.508358206522414
CHEMBL4641843,NC(=O)[C@H]1CCCC[C@H]1C(=O)N1CCc2c(O)cccc2[C@H]1CN1C(=O)c2ccccc2C1=O,5539.0,5.256568634853316
CHEMBL4645109,NC(=O)[C@H]1CC[C@H]1C(=O)N1CCc2c(O)cccc2[C@H]1CN1C(=O)c2ccccc2C1=O,1558.0,5.807432546663454
CHEMBL4638389,O=C(O)[C@H]1CC[C@H]1C(=O)N1CCc2c(O)cccc2[C@H]1CN1C(=O)c2ccccc2C1=O,862.0,6.064492734175287
CHEMBL4647979,CC(=O)N[C@@H](CC(C)C)C(=O)N[C@@H](CC(=O)O)C(=O)N[C@@H](CCC(=O)O)C(=O)N[C@@H](CCC(=O)O)C(=O)N[C@H](C(=O)NCC(=O)N[C@@H](Cc1cccc(C(N)=O)c1)C(=O)N[C@@H](Cc1ccccc1)C(=O)N[C@@H](CC(C)C)C(N)=O)[C@@H](C)O,5900.0,5.229147988357855
CHEMBL4633579,CC(=O)N[C@@H](CC(C)C)C(=O)N[C@@H](CC(=O)O)C(=O)N[C@@H](CCC(=O)O)C(=O)N[C@@H](CCC(=O)O)C(=O)N[C@H](C(=O)NCC(=O)N[C@@H](CCCNC(=N)N)C(=O)N[C@@H](Cc1ccccc1)C(=O)N[C@@H](CC(C)C)C(N)=O)[C@@H](C)O,29000.0,4.537602002101044
CHEMBL4642135,CC(=O)N[C@@H](CC(C)C)C(=O)N[C@@H](CC(=O)O)C(=O)N[C@@H](CCC(=O)O)C(=O)N[C@@H](CCC(=O)O)C(=O)N[C@H](C(=O)NCC(=O)N[C@@H](CC1CCC1)C(=O)N[C@@H](Cc1ccccc1)C(=O)N[C@@H](CC(C)C)C(N)=O)[C@@H](C)O,2700.0,5.568636235841012
CHEMBL4639381,O=C(O)[C@H]1CCCC[C@H]1C(=O)N1CCc2c(O)cccc2[C@H]1CN1C(=O)c2ccccc2C1=O,98.0,7.008773924307505
CHEMBL4639835,CC(C)(O)C#Cc1cccc2c1CCN(C(=O)[C@@H]1CCCC[C@@H]1C(=O)O)[C@@H]2CN1C(=O)c2ccccc2C1=O,4682.0,5.329568590639394
CHEMBL4634711,O=C(O)[C@H]1CCCC[C@H]1C(=O)N1CCc2c(C#CCO)cccc2[C@H]1CN1C(=O)c2ccccc2C1=O,254.0,6.5951662833800615
CHEMBL4635272,COCCOc1cccc2c1CCN(C(=O)[C@@H]1CCCC[C@@H]1C(=O)O)[C@@H]2CN1C(=O)c2ccccc2C1=O,5456.0,5.263125638351577
CHEMBL4645065,O=C(O)[C@H]1CCCC[C@H]1C(=O)N1CCc2c(OCCCO)cccc2[C@H]1CN1C(=O)c2ccccc2C1=O,1275.0,5.894489815230026
CHEMBL4636738,O=C(O)[C@H]1CCCC[C@H]1C(=O)N1CCc2c(OCCO)cccc2[C@H]1CN1C(=O)c2ccccc2C1=O,183.0,6.73754891026957
CHEMBL4642536,O=C(O)[C@H]1CCCC[C@H]1C(=O)N1CCc2cc(OCCO)ccc2[C@H]1CN1C(=O)c2ccccc2C1=O,1976.0,5.70421305974839
CHEMBL3948237,CCOc1ccc(S(=O)(=O)Nc2cc(CC(C)=O)c(NS(=O)(=O)c3ccc(OCC)cc3)c3ccccc23)cc1,1500.0,5.823908740944319
CHEMBL4166048,COc1ccc(S(=O)(=O)N(CC(=O)O)Cc2ccccc2CN(CC(=O)O)S(=O)(=O)c2ccc(OC)cc2)cc1,2300.0,5.638272163982407
CHEMBL4640621,COc1ccc(S(=O)(=O)N(Cc2ccccc2CN([C@@H](C)C(=O)O)S(=O)(=O)c2ccc(OC)cc2)[C@@H](C)C(=O)O)cc1,150.0,6.823908740944319
CHEMBL4646358,COc1ccc(S(=O)(=O)N(Cc2ccccc2CN([C@H](C)C(=O)O)S(=O)(=O)c2ccc(OC)cc2)[C@H](C)C(=O)O)cc1,620.0,6.207608310501746
CHEMBL4645697,COc1ccc(S(=O)(=O)N(Cc2ccccc2CN(C(Cc2nnn[nH]2)C(=O)O)S(=O)(=O)c2ccc(OC)cc2)C(Cc2nnn[nH]2)C(=O)O)cc1,1170.0,5.931814138253838
CHEMBL4634585,O=C(O)CN(Cc1ccccc1CN(CC(=O)O)S(=O)(=O)c1c(F)cccc1F)S(=O)(=O)c1c(F)cccc1F,1780.0,5.7495799976911055
CHEMBL4635873,O=C(O)CN(Cc1ccccc1CN(CC(=O)O)S(=O)(=O)c1ccc(OCc2ccccc2)cc1)S(=O)(=O)c1ccc(OCc2ccccc2)cc1,570.0,6.2441251443275085
CHEMBL4637517,O=C(O)CN(Cc1ccccc1CN(CC(=O)O)S(=O)(=O)c1ccc2oc3ccccc3c2c1)S(=O)(=O)c1ccc2oc3ccccc3c2c1,420.0,6.376750709602099
CHEMBL4780553,COc1cccc(Nc2ccc(C)c(N(CC(=O)O)S(=O)(=O)c3c(C)cc(C)cc3C)c2)c1,102000.0,3.991399828238082
CHEMBL4751309,COc1cccc(Nc2cc(C)cc(N(CC(=O)O)S(=O)(=O)c3c(C)cc(C)cc3C)c2)c1,93300.0,4.0301183562535
CHEMBL4798370,COc1cccc(Nc2cc(N(CC(=O)O)S(=O)(=O)c3c(C)cc(C)cc3C)ccc2C)c1,95600.0,4.0195421077238995
CHEMBL4787914,COc1cccc(Nc2cccc(N(CC(=O)O)S(=O)(=O)c3c(C)cc(C)cc3C)c2C)c1,30100.0,4.521433504406157
CHEMBL4763599,COc1cccc(Nc2cccc(N(CC(=O)O)S(=O)(=O)c3c(C)cc(C)cc3C)c2)c1,101000.0,3.995678626217358
CHEMBL4752550,COc1cccc(Nc2cccc(N(CC(=O)O)S(=O)(=O)c3c(C)cc(C)cc3C)c2F)c1,80100.0,4.096367483915762
CHEMBL4792278,COc1cccc(Nc2cccc(N(CC(=O)O)S(=O)(=O)c3c(C)cc(C)cc3C)c2OC)c1,55300.0,4.257274868695302
CHEMBL4759783,COc1cccc(CN2CCc3c2cccc3N(CC(=O)O)S(=O)(=O)c2c(C)cc(C)cc2C)c1,16400.0,4.785156151952302
CHEMBL4744410,COc1ccc(CN2CCc3c2cccc3N(CC(=O)O)S(=O)(=O)c2c(C)cc(C)cc2C)cc1,98000.0,4.008773924307505
CHEMBL4747781,Cc1cc(C)c(S(=O)(=O)N(CC(=O)O)c2cccc3c2CCN3Cc2ccccc2)c(C)c1,42000.0,4.376750709602099
CHEMBL4785655,Cc1cc(C)c(S(=O)(=O)N(CC(=O)O)c2cccc3c2CCN3Cc2cccc(C#N)c2)c(C)c1,24800.0,4.605548319173784
CHEMBL4753443,Cc1cc(C)c(S(=O)(=O)N(CC(=O)O)c2cccc3c2CCN3Cc2cccc([N+](=O)[O-])c2)c(C)c1,27200.0,4.565431095965801
CHEMBL4754329,Cc1cc(C)cc(CN2CCc3c2cccc3N(CC(=O)O)S(=O)(=O)c2c(C)cc(C)cc2C)c1,22200.0,4.653647025549361
CHEMBL4762700,Cc1cc(C)c(S(=O)(=O)N(CC(=O)O)c2cccc3c2CCN3Cc2cccc(C)c2C)c(C)c1,98200.0,4.00788851221305
CHEMBL4760477,COc1cccc(C(C(=O)NS(=O)(=O)c2ccccc2)N2CCc3c2cccc3N(CC(=O)O)S(=O)(=O)c2c(C)cc(C)cc2C)c1,1820.0,5.739928612014925
CHEMBL4797572,COc1cccc(C(C(=O)NS(C)(=O)=O)N2CCc3c2cccc3N(CC(=O)O)S(=O)(=O)c2c(C)cc(C)cc2C)c1,5720.0,5.242603971206975
CHEMBL4741667,COc1cccc(C(C(=O)NS(=O)(=O)C(F)(F)F)N2CCc3c2cccc3N(CC(=O)O)S(=O)(=O)c2c(C)cc(C)cc2C)c1,4890.0,5.310691140876379
CHEMBL4794829,COc1cccc(C(C(=O)NS(=O)(=O)c2cccnc2)N2CCc3c2cccc3N(CC(=O)O)S(=O)(=O)c2c(C)cc(C)cc2C)c1,10400.0,4.982966660701219
CHEMBL4758623,COc1cccc(C(C(=O)NS(=O)(=O)c2cccs2)N2CCc3c2cccc3N(CC(=O)O)S(=O)(=O)c2c(C)cc(C)cc2C)c1,5170.0,5.286509456906058
CHEMBL4754244,COc1ccc(S(=O)(=O)NC(=O)C(c2cccc(OC)c2)N2CCc3c2cccc3N(CC(=O)O)S(=O)(=O)c2c(C)cc(C)cc2C)cc1,3390.0,5.4698003017969175
CHEMBL4754899,COc1cccc(C(C(=O)NS(=O)(=O)c2ccc(C)cc2)N2CCc3c2cccc3N(CC(=O)O)S(=O)(=O)c2c(C)cc(C)cc2C)c1,1390.0,5.856985199745905
CHEMBL4741638,COc1cccc(C(C(=O)NS(=O)(=O)c2ccc(F)cc2)N2CCc3c2cccc3N(CC(=O)O)S(=O)(=O)c2c(C)cc(C)cc2C)c1,2860.0,5.543633966870956
CHEMBL4780267,COc1cccc(C(C(=O)NS(=O)(=O)c2ccc(Cl)cc2)N2CCc3c2cccc3N(CC(=O)O)S(=O)(=O)c2c(C)cc(C)cc2C)c1,2920.0,5.534617148551582
CHEMBL4761735,COc1cccc(C(C(=O)NS(=O)(=O)c2ccc(Br)cc2)N2CCc3c2cccc3N(CC(=O)O)S(=O)(=O)c2c(C)cc(C)cc2C)c1,2950.0,5.530177984021837
CHEMBL4781353,COc1cccc(C(C(=O)NS(=O)(=O)c2ccc(C(F)(F)F)cc2)N2CCc3c2cccc3N(CC(=O)O)S(=O)(=O)c2c(C)cc(C)cc2C)c1,44500.0,4.351639989019068
CHEMBL4759422,COc1cccc(C(C(=O)NS(=O)(=O)c2ccccc2OC)N2CCc3c2cccc3N(CC(=O)O)S(=O)(=O)c2c(C)cc(C)cc2C)c1,1320.0,5.8794260687941495
CHEMBL4758667,COc1cccc(C(C(=O)NS(=O)(=O)c2ccccc2C)N2CCc3c2cccc3N(CC(=O)O)S(=O)(=O)c2c(C)cc(C)cc2C)c1,1790.0,5.747146969020107
CHEMBL4747188,COc1cccc(C(C(=O)NS(=O)(=O)c2cccc(C)c2)N2CCc3c2cccc3N(CC(=O)O)S(=O)(=O)c2c(C)cc(C)cc2C)c1,3810.0,5.41907502432438
CHEMBL4785954,CCOc1ccccc1S(=O)(=O)NC(=O)C(c1cccc(OC)c1)N1CCc2c1cccc2N(CC(=O)O)S(=O)(=O)c1c(C)cc(C)cc1C,2560.0,5.59176003468815
CHEMBL4750510,CCc1ccccc1S(=O)(=O)NC(=O)C(c1cccc(OC)c1)N1CCc2c1cccc2N(CC(=O)O)S(=O)(=O)c1c(C)cc(C)cc1C,3580.0,5.446116973356125
CHEMBL4741683,COc1cccc(C(C(=O)NS(=O)(=O)c2ccccc2F)N2CCc3c2cccc3N(CC(=O)O)S(=O)(=O)c2c(C)cc(C)cc2C)c1,12000.0,4.920818753952375
CHEMBL4785492,COc1cccc(C(C(=O)NS(=O)(=O)c2ccccc2Cl)N2CCc3c2cccc3N(CC(=O)O)S(=O)(=O)c2c(C)cc(C)cc2C)c1,2760.0,5.559090917934782
CHEMBL4779462,COc1cccc(C(C(=O)NS(=O)(=O)c2ccccc2Br)N2CCc3c2cccc3N(CC(=O)O)S(=O)(=O)c2c(C)cc(C)cc2C)c1,2340.0,5.630784142589857
CHEMBL4754660,COc1cccc(C(C(=O)NS(=O)(=O)c2ccccc2C(F)(F)F)N2CCc3c2cccc3N(CC(=O)O)S(=O)(=O)c2c(C)cc(C)cc2C)c1,16700.0,4.777283528852417
CHEMBL4785029,COc1cccc(C(C(=O)NS(=O)(=O)c2ccccc2OC(F)(F)F)N2CCc3c2cccc3N(CC(=O)O)S(=O)(=O)c2c(C)cc(C)cc2C)c1,9690.0,5.013676222949234
CHEMBL4753829,COc1cccc(C(C(=O)NS(=O)(=O)c2ccc(C)cc2C)N2CCc3c2cccc3N(CC(=O)O)S(=O)(=O)c2c(C)cc(C)cc2C)c1,2650.0,5.576754126063192
CHEMBL4764494,COc1cccc(C(C(=O)NS(=O)(=O)c2ccc(C)cc2OC)N2CCc3c2cccc3N(CC(=O)O)S(=O)(=O)c2c(C)cc(C)cc2C)c1,230.0,6.638272163982407
CHEMBL4758373,COc1cccc(C(C(=O)NS(=O)(=O)c2ccc(OC)cc2OC)N2CCc3c2cccc3N(CC(=O)O)S(=O)(=O)c2c(C)cc(C)cc2C)c1,640.0,6.1938200260161125
CHEMBL4798429,COc1cccc(C(C(=O)NS(=O)(=O)c2cc(C)cc(C)c2)N2CCc3c2cccc3N(CC(=O)O)S(=O)(=O)c2c(C)cc(C)cc2C)c1,6750.0,5.170696227168975
CHEMBL4748843,COc1cccc(C(C(=O)NS(=O)(=O)c2cccc3ccccc23)N2CCc3c2cccc3N(CC(=O)O)S(=O)(=O)c2c(C)cc(C)cc2C)c1,1810.0,5.7423214251308154
CHEMBL4744304,COc1cccc(C(C(=O)NS(=O)(=O)c2ccc(C)cc2OC)N2CCc3c2cccc3N(CC(=O)NS(=O)(=O)c2ccccc2)S(=O)(=O)c2c(C)cc(C)cc2C)c1,58.0,7.236572006437063
CHEMBL4750621,COc1ccc(S(=O)(=O)N(CC(=O)NS(=O)(=O)c2ccccc2)c2cccc3c2CCN3C(C(=O)NS(=O)(=O)c2ccc(C)cc2OC)c2cccc(OC)c2)cc1,64.0,7.1938200260161125
CHEMBL4746187,COc1cccc(C(C(=O)NS(=O)(=O)c2ccc(C)cc2OC)N2CCc3c2cccc3N(CC(=O)NS(=O)(=O)c2ccccc2)S(=O)(=O)c2ccc(C)cc2)c1,110.0,6.958607314841775
CHEMBL4764588,COc1cccc(C(C(=O)NS(=O)(=O)c2ccc(C)cc2OC)N2CCc3c2cccc3N(CC(=O)NS(=O)(=O)c2ccccc2)S(=O)(=O)c2ccc(F)cc2)c1,580.0,6.236572006437063
CHEMBL4752539,COc1cccc(C(C(=O)NS(=O)(=O)c2ccc(C)cc2OC)N2CCc3c2cccc3N(CC(=O)NS(=O)(=O)c2ccccc2)S(=O)(=O)c2ccc(NC(C)=O)cc2)c1,230.0,6.638272163982407
CHEMBL4793592,COc1cccc(C(C(=O)NS(=O)(=O)c2ccc(C)cc2OC)N2CCc3c2cccc3N(CC(=O)NS(=O)(=O)c2ccccc2)S(=O)(=O)c2ccccc2OC)c1,160.0,6.795880017344075
CHEMBL4797348,COc1cccc(C(C(=O)NS(=O)(=O)c2ccc(C)cc2OC)N2CCc3c2cccc3N(CC(=O)NS(=O)(=O)c2ccccc2)S(=O)(=O)c2cccc(OC)c2)c1,150.0,6.823908740944319
CHEMBL4748294,COc1cccc(C(C(=O)NS(=O)(=O)c2ccc(C)cc2OC)N2CCc3c2cccc3N(CC(=O)NS(=O)(=O)c2ccccc2)S(=O)(=O)c2ccccc2)c1,240.0,6.619788758288394
CHEMBL4747622,COc1ccc(S(=O)(=O)N(CC(=O)NS(=O)(=O)C2CC2)c2cccc3c2CCN3C(C(=O)NS(=O)(=O)c2ccc(C)cc2OC)c2cccc(OC)c2)cc1,610.0,6.214670164989233
CHEMBL4789377,COc1ccc(S(=O)(=O)N(CC(=O)NS(C)(=O)=O)c2cccc3c2CCN3C(C(=O)NS(=O)(=O)c2ccc(C)cc2OC)c2cccc(OC)c2)cc1,1740.0,5.7594507517174005
CHEMBL4755721,COc1ccc(S(=O)(=O)N(CC(=O)NS(=O)(=O)C(F)(F)F)c2cccc3c2CCN3C(C(=O)NS(=O)(=O)c2ccc(C)cc2OC)c2cccc(OC)c2)cc1,15100.0,4.82102305270683
CHEMBL4780799,COc1ccc(S(=O)(=O)N(CC(=O)NS(=O)(=O)c2cccnc2)c2cccc3c2CCN3C(C(=O)NS(=O)(=O)c2ccc(C)cc2OC)c2cccc(OC)c2)cc1,770.0,6.113509274827518
CHEMBL4761524,COc1ccc(S(=O)(=O)N(CC(=O)NS(=O)(=O)c2cccs2)c2cccc3c2CCN3C(C(=O)NS(=O)(=O)c2ccc(C)cc2OC)c2cccc(OC)c2)cc1,5160.0,5.287350298372789
CHEMBL4739983,COc1ccc(S(=O)(=O)NC(=O)CN(c2cccc3c2CCN3C(C(=O)NS(=O)(=O)c2ccc(C)cc2OC)c2cccc(OC)c2)S(=O)(=O)c2ccc(OC)cc2)cc1,22.0,7.657577319177793
CHEMBL4762197,COc1ccc(S(=O)(=O)N(CC(=O)NS(=O)(=O)c2ccc(C)cc2)c2cccc3c2CCN3C(C(=O)NS(=O)(=O)c2ccc(C)cc2OC)c2cccc(OC)c2)cc1,120.0,6.920818753952375
CHEMBL4763416,COc1ccc(S(=O)(=O)N(CC(=O)NS(=O)(=O)c2ccc(F)cc2)c2cccc3c2CCN3C(C(=O)NS(=O)(=O)c2ccc(C)cc2OC)c2cccc(OC)c2)cc1,130.0,6.886056647693163
CHEMBL4789691,COc1ccc(S(=O)(=O)N(CC(=O)NS(=O)(=O)c2ccc(C(F)(F)F)cc2)c2cccc3c2CCN3C(C(=O)NS(=O)(=O)c2ccc(C)cc2OC)c2cccc(OC)c2)cc1,400.0,6.3979400086720375
CHEMBL4794097,CCc1ccc(S(=O)(=O)NC(=O)CN(c2cccc3c2CCN3C(C(=O)NS(=O)(=O)c2ccc(C)cc2OC)c2cccc(OC)c2)S(=O)(=O)c2ccc(OC)cc2)cc1,190.0,6.721246399047171
CHEMBL4756384,COc1ccc(S(=O)(=O)N(CC(=O)NS(=O)(=O)c2ccc(O)cc2)c2cccc3c2CCN3C(C(=O)NS(=O)(=O)c2ccc(C)cc2OC)c2cccc(OC)c2)cc1,510.0,6.292429823902063
CHEMBL4757197,CCOc1ccc(S(=O)(=O)NC(=O)CN(c2cccc3c2CCN3C(C(=O)NS(=O)(=O)c2ccc(C)cc2OC)c2cccc(OC)c2)S(=O)(=O)c2ccc(OC)cc2)cc1,48.0,7.318758762624412
CHEMBL3632709,COc1ccc(S(=O)(=O)N(C)c2ccc(N(C)S(=O)(=O)c3ccc(OC)cc3)c3ccccc23)cc1,2300.0,5.638272163982407
CHEMBL3601212,CC(=O)Nc1ccc(S(=O)(=O)N(CC(=O)O)c2ccc(N(CC(=O)O)S(=O)(=O)c3ccc(NC(C)=O)cc3)c3ccccc23)cc1,14.4,7.84163750790475
CHEMBL4544116,CC(=O)Nc1ccc(S(=O)(=O)N(Cc2nn[nH]n2)c2ccc(N(Cc3nn[nH]n3)S(=O)(=O)c3ccc(NC(C)=O)cc3)c3ccccc23)cc1,15.8,7.801342913045577
CHEMBL4174651,COc1ccc(S(=O)(=O)N(CC(=O)O)c2cnc(N(CC(=O)O)S(=O)(=O)c3ccc(OC)cc3)c3ccccc23)cc1,60.0,7.221848749616356
CHEMBL4646536,COc1ccc(S(=O)(=O)N(CC(F)(F)F)c2cnc(N(CC(=O)O)S(=O)(=O)c3ccc(OC)cc3)c3ccccc23)cc1,73.0,7.136677139879544
CHEMBL4791229,Cc1cc(C)c(S(=O)(=O)N(CC(=O)O)c2ccccc2C)c(C)c1,450000.0,3.346787486224656
CHEMBL4743454,COc1cccc(N2CCc3c2cccc3N(CC(=O)O)S(=O)(=O)c2c(C)cc(C)cc2C)c1,14400.0,4.841637507904751
CHEMBL4794557,COc1cccc(-n2ccc3c(N(CC(=O)O)S(=O)(=O)c4c(C)cc(C)cc4C)cccc32)c1,101000.0,3.995678626217358
CHEMBL4755382,COc1cccc(N2CCCc3c2cccc3N(CC(=O)O)S(=O)(=O)c2c(C)cc(C)cc2C)c1,43100.0,4.3655227298392685
CHEMBL4749382,COc1cccc(S(=O)(=O)N2CCc3c2cccc3N(CC(=O)O)S(=O)(=O)c2c(C)cc(C)cc2C)c1,15400.0,4.812479279163537
CHEMBL4759687,COc1cccc(C(C(=O)O)N2CCc3c2cccc3N(CC(=O)O)S(=O)(=O)c2c(C)cc(C)cc2C)c1,2370.0,5.625251653989896
CHEMBL4750670,CC(=O)N[C@@H](CC(C)C)C(=O)N[C@@H](CC(=O)O)C(=O)N[C@@H](CCC(N)=O)C(=O)N[C@@H](CCC(=O)O)C(=O)N[C@H](C(=O)NCC(=O)N[C@@H](CCC(=O)O)C(=O)N[C@@H](Cc1ccccc1)C(=O)N[C@@H](CC(C)C)C(N)=O)[C@@H](C)O,166.0,6.779891911959945
CHEMBL4752720,CC(=O)N[C@@H](CC(C)C)C(=O)N[C@@H](CC(=O)O)C(=O)N[C@@H](CO)C(=O)N[C@@H](CCC(=O)O)C(=O)N[C@H](C(=O)NCC(=O)N[C@@H](CCC(=O)O)C(=O)N[C@@H](Cc1ccccc1)C(=O)N[C@@H](CC(C)C)C(N)=O)[C@@H](C)O,280.0,6.552841968657781
CHEMBL4796106,CC(=O)N[C@@H](CC(C)C)C(=O)N[C@@H](CC(=O)O)C(=O)N[C@@H](CCO)C(=O)N[C@@H](CCC(=O)O)C(=O)N[C@H](C(=O)NCC(=O)N[C@@H](CCC(=O)O)C(=O)N[C@@H](Cc1ccccc1)C(=O)N[C@@H](CC(C)C)C(N)=O)[C@@H](C)O,91.0,7.040958607678906
CHEMBL4787250,CC(=O)N[C@@H](CC(C)C)C(=O)N[C@@H](CC(=O)O)C(=O)N[C@@H](CCCCN)C(=O)N[C@@H](CCC(=O)O)C(=O)N[C@H](C(=O)NCC(=O)N[C@@H](CCC(=O)O)C(=O)N[C@@H](Cc1ccccc1)C(=O)N[C@@H](CC(C)C)C(N)=O)[C@@H](C)O,115.0,6.939302159646388
CHEMBL4776337,CC(=O)N[C@@H](CC(C)C)C(=O)N[C@@H](CC(=O)O)C(=O)N[C@@H](C)C(=O)N[C@@H](CCC(=O)O)C(=O)N[C@H](C(=O)NCC(=O)N[C@@H](CCC(=O)O)C(=O)N[C@@H](Cc1ccccc1)C(=O)N[C@@H](CC(C)C)C(N)=O)[C@@H](C)O,70.0,7.154901959985743
CHEMBL4750619,CC(=O)N[C@@H](CC(C)C)C(=O)N[C@@H](CC(=O)O)C(=O)N[C@H](C(=O)N[C@@H](CCC(=O)O)C(=O)N[C@H](C(=O)NCC(=O)N[C@@H](CCC(=O)O)C(=O)N[C@@H](Cc1ccccc1)C(=O)N[C@@H](CC(C)C)C(N)=O)[C@@H](C)O)C(C)C,55.0,7.259637310505756
CHEMBL4746924,CC(=O)N[C@@H](CC(C)C)C(=O)N[C@@H](CC(=O)O)C(=O)N1CCC[C@H]1C(=O)N[C@@H](CCC(=O)O)C(=O)N[C@H](C(=O)NCC(=O)N[C@@H](CCC(=O)O)C(=O)N[C@@H](Cc1ccccc1)C(=O)N[C@@H](CC(C)C)C(N)=O)[C@@H](C)O,19.0,7.721246399047171
CHEMBL4754176,CC(=O)N[C@@H](CC(C)C)C(=O)N[C@@H](CC(=O)O)C(=O)N1C[C@H](F)C[C@H]1C(=O)N[C@@H](CCC(=O)O)C(=O)N[C@H](C(=O)NCC(=O)N[C@@H](CCC(=O)O)C(=O)N[C@@H](Cc1ccccc1)C(=O)N[C@@H](CC(C)C)C(N)=O)[C@@H](C)O,13.0,7.886056647693163
CHEMBL4762897,CC(=O)N[C@@H](CC(C)C)C(=O)N[C@@H](CC(=O)O)C(=O)N1CSC[C@H]1C(=O)N[C@@H](CCC(=O)O)C(=O)N[C@H](C(=O)NCC(=O)N[C@@H](CCC(=O)O)C(=O)N[C@@H](Cc1ccccc1)C(=O)N[C@@H](CC(C)C)C(N)=O)[C@@H](C)O,10.0,8.0
CHEMBL4758792,CC(=O)N[C@@H](CC(C)C)C(=O)N[C@@H](CC(=O)O)C(=O)N[C@@H](CCC(=O)O)C(=O)N[C@@H](Cc1ccc(O)cc1)C(=O)N[C@H](C(=O)NCC(=O)N[C@@H](CCC(=O)O)C(=O)N[C@@H](Cc1ccccc1)C(=O)N[C@@H](CC(C)C)C(N)=O)[C@@H](C)O,50000.0,4.301029995663981
CHEMBL4754410,CC(=O)N[C@@H](CC(C)C)C(=O)N[C@@H](CC(=O)O)C(=O)N[C@@H](CCC(=O)O)C(=O)N[C@@H](CCO)C(=O)N[C@H](C(=O)NCC(=O)N[C@@H](CCC(=O)O)C(=O)N[C@@H](Cc1ccccc1)C(=O)N[C@@H](CC(C)C)C(N)=O)[C@@H](C)O,27432.0,4.561742527893112
CHEMBL4784094,CC(=O)N[C@@H](CC(C)C)C(=O)N[C@@H](CC(=O)O)C(=O)N[C@@H](CCC(=O)O)C(=O)N[C@@H](Cc1ccc(O)c(O)c1)C(=O)N[C@H](C(=O)NCC(=O)N[C@@H](CCC(=O)O)C(=O)N[C@@H](Cc1ccccc1)C(=O)N[C@@H](CC(C)C)C(N)=O)[C@@H](C)O,30347.0,4.517884235324898
CHEMBL4748429,COc1ccc(C[C@H](NC(=O)[C@H](CCC(=O)O)NC(=O)[C@H](CC(=O)O)NC(=O)[C@H](CC(C)C)NC(C)=O)C(=O)N[C@H](C(=O)NCC(=O)N[C@@H](CCC(=O)O)C(=O)N[C@@H](Cc2ccccc2)C(=O)N[C@@H](CC(C)C)C(N)=O)[C@@H](C)O)cc1OC,27052.0,4.567800621246695
CHEMBL4794840,CC(=O)N[C@@H](CC(C)C)C(=O)N[C@@H](CC(=O)O)C(=O)N[C@@H](CCC(=O)O)C(=O)N[C@@H](Cc1ccncc1)C(=O)N[C@H](C(=O)NCC(=O)N[C@@H](CCC(=O)O)C(=O)N[C@@H](Cc1ccccc1)C(=O)N[C@@H](CC(C)C)C(N)=O)[C@@H](C)O,18310.0,4.737311655698304
CHEMBL4783243,CC(=O)N[C@@H](CC(C)C)C(=O)N[C@@H](CC(=O)O)C(=O)N[C@@H](CCC(=O)O)C(=O)N[C@@H](Cc1c[nH]c2ccc(O)cc12)C(=O)N[C@H](C(=O)NCC(=O)N[C@@H](CCC(=O)O)C(=O)N[C@@H](Cc1ccccc1)C(=O)N[C@@H](CC(C)C)C(N)=O)[C@@H](C)O,29569.0,4.529163362718575
CHEMBL4791221,CC(=O)N[C@@H](CC(C)C)C(=O)N[C@@H](CC(=O)O)C(=O)N[C@@H](CCC(=O)O)C(=O)N[C@@H](Cc1ccc2ccccc2c1)C(=O)N[C@H](C(=O)NCC(=O)N[C@@H](CCC(=O)O)C(=O)N[C@@H](Cc1ccccc1)C(=O)N[C@@H](CC(C)C)C(N)=O)[C@@H](C)O,28346.0,4.547508217211687
CHEMBL4779152,CC(=O)N[C@@H](CC(C)C)C(=O)N[C@@H](CC(=O)O)C(=O)N[C@@H](CCC(=O)O)C(=O)N[C@@H](Cc1ccc(C(=O)c2ccccc2)cc1)C(=O)N[C@H](C(=O)NCC(=O)N[C@@H](CCC(=O)O)C(=O)N[C@@H](Cc1ccccc1)C(=O)N[C@@H](CC(C)C)C(N)=O)[C@@H](C)O,4571.0,5.339988778710669
CHEMBL4747777,CC(=O)N[C@@H](CC(C)C)C(=O)N[C@@H](CC(=O)O)C(=O)N1C[C@@H](F)C[C@H]1C(=O)N[C@@H](CCC(=O)O)C(=O)N[C@@H](CO)C(=O)NCC(=O)N[C@@H](CCC(=O)O)C(=O)N[C@@H](Cc1ccccc1)C(=O)N[C@@H](CC(C)C)C(N)=O,207.0,6.684029654543082
CHEMBL4763685,CC[C@H](NC(=O)[C@H](CCC(=O)O)NC(=O)[C@@H]1C[C@H](F)CN1C(=O)[C@H](CC(=O)O)NC(=O)[C@H](CC(C)C)NC(C)=O)C(=O)NCC(=O)N[C@@H](CCC(=O)O)C(=O)N[C@@H](Cc1ccccc1)C(=O)N[C@@H](CC(C)C)C(N)=O,33180.0,4.479123618311658
CHEMBL4749322,CC(=O)N[C@@H](CC(C)C)C(=O)N[C@@H](CC(=O)O)C(=O)N1C[C@@H](F)C[C@H]1C(=O)N[C@@H](CCC(=O)O)C(=O)N[C@H](C(=O)NCC(=O)N[C@@H](CCC(=O)O)C(=O)N[C@@H](Cc1ccccc1)C(=O)N[C@@H](CC(C)C)C(N)=O)C(C)(C)O,192.0,6.71669877129645
CHEMBL4794380,CC[C@H](O)[C@H](NC(=O)[C@H](CCC(=O)O)NC(=O)[C@@H]1C[C@H](F)CN1C(=O)[C@H](CC(=O)O)NC(=O)[C@H](CC(C)C)NC(C)=O)C(=O)NCC(=O)N[C@@H](CCC(=O)O)C(=O)N[C@@H](Cc1ccccc1)C(=O)N[C@@H](CC(C)C)C(N)=O,1765.0,5.753255290276158
CHEMBL4760593,CC(=O)N[C@@H](CC(C)C)C(=O)N[C@@H](CC(=O)O)C(=O)N1C[C@@H](F)C[C@H]1C(=O)N[C@@H](CCC(=O)O)C(=O)N[C@H](C(=O)NCC(=O)N[C@@H](CCC(=O)O)C(=O)N[C@@H](Cc1ccccc1)C(=O)N[C@@H](CC(C)C)C(N)=O)C(O)c1ccccc1,14483.0,4.839141469320008
CHEMBL4786176,CC(=O)N[C@@H](CC(C)C)C(=O)N[C@@H](CC(=O)O)C(=O)N1C[C@@H](F)C[C@H]1C(=O)NCC(=O)N[C@H](C(=O)NCC(=O)N[C@@H](CCC(=O)O)C(=O)N[C@@H](Cc1ccccc1)C(=O)N[C@@H](CC(C)C)C(N)=O)[C@@H](C)O,15784.0,4.801782927755865
CHEMBL4752836,CC(=O)N[C@@H](CC(C)C)C(=O)N[C@@H](CC(=O)O)C(=O)N1C[C@@H](F)C[C@H]1C(=O)NCC(=O)N[C@H](C(=O)NCC(=O)N[C@@H](CCC(=O)O)C(=O)N[C@@H](Cc1ccccc1)C(=O)N[C@@H](CC(C)C)C(N)=O)[C@H](O)c1ccccc1,6076.0,5.2163822348092515
CHEMBL4757885,CC(=O)N[C@@H](CC(C)C)C(=O)N[C@@H](CC(=O)O)C(=O)N[C@@H](CCC(=O)O)C(=O)N[C@@H](CCC(=O)O)C(=O)N[C@H](C(=O)NCC(=O)N[C@@H](CCC(N)=O)C(=O)N[C@@H](Cc1ccccc1)C(=O)N[C@@H](CC(C)C)C(N)=O)[C@@H](C)O,21669.0,4.664161130420046
CHEMBL4790743,CC(=O)N[C@@H](CC(C)C)C(=O)N[C@@H](CC(=O)O)C(=O)N[C@@H](CCC(=O)O)C(=O)N[C@@H](CCC(=O)O)C(=O)N[C@H](C(=O)NCC(=O)N[C@@H](Cc1ccc(O)cc1)C(=O)N[C@@H](Cc1ccccc1)C(=O)N[C@@H](CC(C)C)C(N)=O)[C@@H](C)O,37272.0,4.428617302559836
CHEMBL4762715,CC(=O)N[C@@H](CC(C)C)C(=O)N[C@@H](CC(=O)O)C(=O)N[C@@H](CCC(=O)O)C(=O)N[C@@H](CCC(=O)O)C(=O)N[C@H](C(=O)NCC(=O)N[C@@H](CCCCCO)C(=O)N[C@@H](Cc1ccccc1)C(=O)N[C@@H](CC(C)C)C(N)=O)[C@@H](C)O,56423.0,4.2485438262131225
CHEMBL4746072,CC(=O)N[C@@H](CC(C)C)C(=O)N[C@@H](CC(=O)O)C(=O)N[C@@H](CCC(=O)O)C(=O)N[C@@H](CCC(=O)O)C(=O)N[C@H](C(=O)NCC(=O)N[C@@H](Cc1cccc(F)c1)C(=O)N[C@@H](Cc1ccccc1)C(=O)N[C@@H](CC(C)C)C(N)=O)[C@@H](C)O,6245.0,5.204467557289846
CHEMBL4779325,CC(=O)N[C@@H](CC(C)C)C(=O)N[C@@H](CC(=O)O)C(=O)N1C[C@@H](F)C[C@H]1C(=O)N[C@@H](CCC(=O)O)C(=O)N[C@H](C(=O)NCC(=O)N[C@H](C(=O)N[C@@H](Cc1ccccc1)C(=O)N[C@@H](CC(C)C)C(N)=O)c1ccccc1)[C@@H](C)O,6062.0,5.217384067968396
CHEMBL4777748,CC(=O)N[C@@H](CC(C)C)C(=O)N[C@@H](CC(=O)O)C(=O)N1C[C@@H](F)C[C@H]1C(=O)N[C@@H](CCC(=O)O)C(=O)N[C@H](C(=O)NCC(=O)N[C@H](C(=O)N[C@@H](Cc1ccccc1)C(=O)N[C@@H](CC(C)C)C(N)=O)c1cc(F)cc(F)c1)[C@@H](C)O,1037.0,5.984221243610959
CHEMBL4778030,C[C@@H](O)[C@@H]1NC(=O)[C@H](CCC(=O)O)NC(=O)[C@@H]2C[C@H](F)CN2C(=O)[C@H](CC(=O)O)NC(=O)CNC(=O)[C@H](CCC(=O)O)NC(=O)CNC1=O,486.0,6.313363730737707
CHEMBL4742010,CC(=O)NCC(=O)N[C@@H](CC(=O)O)C(=O)N1C[C@@H](F)C[C@H]1C(=O)N[C@@H](CCC(=O)O)C(=O)N[C@H](C(=O)NCC(=O)N[C@@H](CCC(=O)O)C(N)=O)[C@@H](C)O,1594.0,5.7975116829399065
CHEMBL4797908,C[C@H]1NC(=O)[C@H]([C@@H](C)O)NC(=O)[C@H](CCC(=O)O)NC(=O)[C@@H]2C[C@H](F)CN2C(=O)[C@H](CC(=O)O)NC(=O)CNC(=O)[C@H](CCC(=O)O)NC1=O,14501.0,4.838602047454203
CHEMBL4793306,C[C@@H](O)[C@@H]1NC(=O)[C@H](CCC(=O)O)NC(=O)[C@@H]2C[C@H](F)CN2C(=O)[C@H](CC(=O)O)C(=O)[C@H]2CCCN2C(=O)[C@H](CCC(=O)O)NC(=O)CNC1=O,4302.0,5.3663295939485565
CHEMBL4757211,C[C@@H](O)[C@@H]1NC(=O)[C@H](CCC(=O)O)NC(=O)[C@@H]2C[C@H](F)CN2C(=O)[C@H](CC(=O)O)C(=O)[C@@H]2CCCN2C(=O)[C@H](CCC(=O)O)NC(=O)CNC1=O,18383.0,4.735583612801465
CHEMBL4760005,CC(=O)N[C@H]1CSSC[C@@H](C(N)=O)NC(=O)[C@H](CCC(=O)O)NC(=O)CNC(=O)[C@H]([C@@H](C)O)NC(=O)[C@H](CCC(=O)O)NC(=O)[C@@H]2C[C@H](F)CN2C(=O)[C@H](CC(=O)O)NC1=O,55.0,7.259637310505756
CHEMBL4786657,CC(=O)N[C@H]1CC(=O)NC[C@@H](C(N)=O)NC(=O)[C@H](CCC(=O)O)NC(=O)CNC(=O)[C@H]([C@@H](C)O)NC(=O)[C@H](CCC(=O)O)NC(=O)[C@@H]2C[C@H](F)CN2C(=O)[C@H](CC(=O)O)NC1=O,1691.0,5.771856392402258
CHEMBL4760303,CC(=O)N[C@H]1CCC(=O)NC[C@@H](C(N)=O)NC(=O)[C@H](CCC(=O)O)NC(=O)CNC(=O)[C@H]([C@@H](C)O)NC(=O)[C@H](CCC(=O)O)NC(=O)[C@@H]2C[C@H](F)CN2C(=O)[C@H](CC(=O)O)NC1=O,11.0,7.958607314841775
CHEMBL4785587,CC(=O)N[C@H]1CCC(=O)NCC[C@@H](C(N)=O)NC(=O)[C@H](CCC(=O)O)NC(=O)CNC(=O)[C@H]([C@@H](C)O)NC(=O)[C@H](CCC(=O)O)NC(=O)[C@@H]2C[C@H](F)CN2C(=O)[C@H](CC(=O)O)NC1=O,44.0,7.356547323513812
CHEMBL4754751,CC(=O)N[C@H]1CCCCn2cc(nn2)C[C@@H](C(N)=O)NC(=O)[C@H](CCC(=O)O)NC(=O)CNC(=O)[C@H]([C@@H](C)O)NC(=O)[C@H](CCC(=O)O)NC(=O)[C@@H]2C[C@H](F)CN2C(=O)[C@H](CC(=O)O)NC1=O,34.0,7.468521082957745
CHEMBL4778658,CC(=O)N[C@H]1Cc2cn(nn2)CCCC[C@@H](C(N)=O)NC(=O)[C@H](CCC(=O)O)NC(=O)CNC(=O)[C@H]([C@@H](C)O)NC(=O)[C@H](CCC(=O)O)NC(=O)[C@@H]2C[C@H](F)CN2C(=O)[C@H](CC(=O)O)NC1=O,91.0,7.040958607678906
CHEMBL4762247,CC(=O)N[C@H]1Cn2cc(nn2)C[C@@H](C(N)=O)NC(=O)[C@H](CCC(=O)O)NC(=O)CNC(=O)[C@H]([C@@H](C)O)NC(=O)[C@H](CCC(=O)O)NC(=O)[C@@H]2C[C@H](F)CN2C(=O)[C@H](CC(=O)O)NC1=O,4032.0,5.394479476562531
CHEMBL4794133,CC(=O)N[C@H]1CCn2cc(nn2)C[C@@H](C(N)=O)NC(=O)[C@H](CCC(=O)O)NC(=O)CNC(=O)[C@H]([C@@H](C)O)NC(=O)[C@H](CCC(=O)O)NC(=O)[C@@H]2C[C@H](F)CN2C(=O)[C@H](CC(=O)O)NC1=O,16.0,7.795880017344075
CHEMBL4793109,C[C@@H](O)[C@@H]1NC(=O)[C@H](CCC(=O)O)NC(=O)[C@@H]2C[C@H](F)CN2C(=O)[C@H](CC(=O)O)NC(=O)CCCn2cc(nn2)CCNC(=O)[C@H](CCC(=O)O)NC(=O)CNC1=O,180.0,6.7447274948966935
CHEMBL4743599,CC(=O)N[C@H]1C/C=C/C[C@@H](C(N)=O)NC(=O)[C@H](CCC(=O)O)NC(=O)CNC(=O)[C@H]([C@@H](C)O)NC(=O)[C@H](CCC(=O)O)NC(=O)[C@@H]2C[C@H](F)CN2C(=O)[C@H](CC(=O)O)NC1=O,430.0,6.366531544420413
CHEMBL4759189,CC(=O)N[C@H]1CCCC[C@@H](C(N)=O)NC(=O)[C@H](CCC(=O)O)NC(=O)CNC(=O)[C@H]([C@@H](C)O)NC(=O)[C@H](CCC(=O)O)NC(=O)[C@@H]2C[C@H](F)CN2C(=O)[C@H](CC(=O)O)NC1=O,107.3,6.969400278034049
CHEMBL4756985,CC[C@H](C)[C@H](NC(=O)[C@H](CC(C)C)NC(=O)[C@@H]1CCCN1)C(=O)N[C@@H](CC(C)C)C(=O)N[C@@H](CC(C)C)C(=O)N[C@@H](CCCNC(=N)N)C(=O)N[C@@H](CC(C)C)C(=O)N[C@@H](CC(C)C)C(=O)N[C@@H](CCCNC(=N)N)C(=O)NCC(=O)N[C@@H](CCC(N)=O)C(=O)N[C@@H](Cc1ccccc1)C(=O)N[C@@H](CC(C)C)C(=O)N[C@@H](CC(=O)O)C(=O)N1C[C@@H](F)C[C@H]1C(=O)N[C@@H](CCC(=O)O)C(=O)N[C@H](C(=O)NCC(=O)N[C@@H](Cc1cc(F)cc(F)c1)C(=O)N[C@@H](Cc1ccccc1)C(=O)N[C@@H](CC(C)C)C(N)=O)[C@@H](C)O,55.0,7.259637310505756
CHEMBL4792032,CC(C)C[C@H](NC(=O)[C@H](Cc1ccccc1)NC(=O)[C@H](Cc1cc(F)cc(F)c1)NC(=O)CNC(=O)[C@@H](NC(=O)[C@H](CCC(=O)O)NC(=O)[C@@H]1C[C@H](F)CN1C(=O)[C@H](CC(=O)O)NC(=O)[C@H](CC(C)C)NC(=O)CNC(=O)[C@@H](NC(=O)[C@@H]1CCCN1C(=O)[C@H](CCCNC(=N)N)NC(=O)[C@H](CC(C)C)NC(=O)[C@H](CS)NC(=O)[C@@H](N)CC(C)C)C(C)C)[C@@H](C)O)C(N)=O,11.0,7.958607314841775
CHEMBL4750320,CC[C@H](C)[C@H](NC(=O)[C@H](CCCCN)NC(=O)[C@@H](NC(=O)[C@H](CCC(N)=O)NC(=O)[C@@H](N)CCCNC(=N)N)[C@@H](C)CC)C(=O)N[C@@H](Cc1c[nH]c2ccccc12)C(=O)N[C@@H](Cc1ccccc1)C(=O)N[C@@H](CCC(N)=O)C(=O)N[C@@H](CC(N)=O)C(=O)N[C@@H](CCCNC(=N)N)C(=O)N[C@@H](CCCNC(=N)N)C(=O)N[C@@H](CCSC)C(=O)N[C@@H](CCCCN)C(=O)N[C@@H](Cc1c[nH]c2ccccc12)C(=O)N[C@@H](CCCCN)C(=O)N[C@@H](CCCCN)C(=O)N[C@@H](CC(C)C)C(=O)N[C@@H](CC(=O)O)C(=O)N1C[C@@H](F)C[C@H]1C(=O)N[C@@H](CCC(=O)O)C(=O)N[C@H](C(=O)NCC(=O)N[C@@H](Cc1cc(F)cc(F)c1)C(=O)N[C@@H](Cc1ccccc1)C(=O)N[C@@H](CC(C)C)C(N)=O)[C@@H](C)O,30.0,7.522878745280337
CHEMBL4751630,CC(C)C[C@H](NC(=O)[C@H](Cc1ccccc1)NC(=O)[C@H](Cc1cc(F)cc(F)c1)NC(=O)CNC(=O)[C@@H](NC(=O)[C@H](CCC(=O)O)NC(=O)[C@@H]1C[C@H](F)CN1C(=O)[C@H](CC(=O)O)NC(=O)[C@H](CC(C)C)NC(=O)[C@H](CCCNC(=N)N)NC(=O)[C@H](CCCNC(=N)N)NC(=O)[C@H](CCCNC(=N)N)NC(=O)[C@H](CCC(N)=O)NC(=O)[C@H](CCCNC(=N)N)NC(=O)[C@H](CCCNC(=N)N)NC(=O)[C@H](CCCCN)NC(=O)[C@H](CCCCN)NC(=O)[C@H](CCCNC(=N)N)NC(=O)CNC(=O)[C@@H](N)Cc1ccc(O)cc1)[C@@H](C)O)C(N)=O,20.0,7.698970004336019
CHEMBL4788462,CC(C)C[C@H](NC(=O)[C@H](Cc1ccccc1)NC(=O)[C@H](Cc1cc(F)cc(F)c1)NC(=O)CNC(=O)[C@@H](NC(=O)[C@H](CCC(=O)O)NC(=O)[C@@H]1C[C@H](F)CN1C(=O)[C@H](CC(=O)O)NC(=O)[C@H](CC(C)C)NC(=O)[C@H](CCCNC(=N)N)NC(=O)[C@H](CCCNC(=N)N)NC(=O)[C@H](CCCNC(=N)N)NC(=O)[C@H](CCCNC(=N)N)NC(=O)[C@H](CCCNC(=N)N)NC(=O)[C@H](CCCNC(=N)N)NC(=O)[C@H](CCCNC(=N)N)NC(=O)[C@H](CCCNC(=N)N)NC(=O)[C@@H](N)CCCNC(=N)N)[C@@H](C)O)C(N)=O,24.0,7.619788758288394
CHEMBL4748504,CC[C@H](C)[C@H](NC(=O)[C@H](CO)NC(=O)[C@H](C)NC(=O)[C@@H](N)CCSC)C(=O)N[C@@H](Cc1c[nH]c2ccccc12)C(=O)N[C@H](C(=O)NCC(=O)N[C@@H](Cc1c[nH]cn1)C(=O)N[C@@H](CCCNC(=N)N)C(=O)NCC(=O)N[C@@H](CC(C)C)C(=O)N[C@@H](CC(=O)O)C(=O)N1C[C@@H](F)C[C@H]1C(=O)N[C@@H](CCC(=O)O)C(=O)N[C@H](C(=O)NCC(=O)N[C@@H](Cc1cc(F)cc(F)c1)C(=O)N[C@@H](Cc1ccccc1)C(=O)N[C@@H](CC(C)C)C(N)=O)[C@@H](C)O)C(C)C,101.0,6.995678626217357
CHEMBL4756743,CC[C@H](C)[C@H](NC(=O)[C@H](CC(C)C)NC(=O)N1CCC[C@H]1C(N)=O)C(=O)N[C@@H](CC(C)C)C(=O)N[C@@H](CC(C)C)C(=O)N[C@@H](CCCNC(=N)N)C(=O)N[C@@H](CC(C)C)C(=O)N[C@@H](CC(C)C)C(=O)N[C@@H](CCCNC(=N)N)C(=O)NCC(=O)N[C@@H](CCC(N)=O)C(=O)N[C@@H](Cc1ccccc1)C(=O)N[C@H]1CCC(=O)NC[C@@H](C(N)=O)NC(=O)[C@H](CCC(=O)O)NC(=O)CNC(=O)[C@H]([C@@H](C)O)NC(=O)[C@H](CCC(=O)O)NC(=O)[C@@H]2C[C@H](F)CN2C(=O)[C@H](CC(=O)O)NC1=O,7.5,8.1249387366083
CHEMBL4790062,CC(C)C[C@H](NC(=O)[C@H](CS)NC(=O)[C@@H](N)CC(C)C)C(=O)N[C@@H](CCCNC(=N)N)C(=O)N1CCC[C@H]1C(=O)N[C@H](C(=O)NCC(=O)N[C@H]1CCC(=O)NC[C@@H](C(N)=O)NC(=O)[C@H](CCC(=O)O)NC(=O)CNC(=O)[C@H]([C@@H](C)O)NC(=O)[C@H](CCC(=O)O)NC(=O)[C@@H]2C[C@H](F)CN2C(=O)[C@H](CC(=O)O)NC1=O)C(C)C,4.8,8.318758762624412
CHEMBL4781886,CC[C@H](C)[C@H](NC(=O)[C@H](CCCCN)NC(=O)[C@@H](NC(=O)[C@H](CCC(N)=O)NC(=O)[C@@H](N)CCCNC(=N)N)[C@@H](C)CC)C(=O)N[C@@H](Cc1c[nH]c2ccccc12)C(=O)N[C@@H](Cc1ccccc1)C(=O)N[C@@H](CCC(N)=O)C(=O)N[C@@H](CC(N)=O)C(=O)N[C@@H](CCCNC(=N)N)C(=O)N[C@@H](CCCNC(=N)N)C(=O)N[C@@H](CCSC)C(=O)N[C@@H](CCCCN)C(=O)N[C@@H](Cc1c[nH]c2ccccc12)C(=O)N[C@@H](CCCCN)C(=O)N[C@@H](CCCCN)C(=O)N[C@H]1CCC(=O)NC[C@@H](C(N)=O)NC(=O)[C@H](CCC(=O)O)NC(=O)CNC(=O)[C@H]([C@@H](C)O)NC(=O)[C@H](CCC(=O)O)NC(=O)[C@@H]2C[C@H](F)CN2C(=O)[C@H](CC(=O)O)NC1=O,4.8,8.318758762624412
CHEMBL4791554,C[C@@H](O)[C@@H]1NC(=O)[C@H](CCC(=O)O)NC(=O)[C@@H]2C[C@H](F)CN2C(=O)[C@H](CC(=O)O)NC(=O)[C@@H](NC(=O)[C@H](CCCNC(=N)N)NC(=O)[C@H](CCCNC(=N)N)NC(=O)[C@H](CCCNC(=N)N)NC(=O)[C@H](CCC(N)=O)NC(=O)[C@H](CCCNC(=N)N)NC(=O)[C@H](CCCNC(=N)N)NC(=O)[C@H](CCCCN)NC(=O)[C@H](CCCCN)NC(=O)[C@H](CCCNC(=N)N)NC(=O)CNC(=O)[C@@H](N)Cc2ccc(O)cc2)CCC(=O)NC[C@@H](C(N)=O)NC(=O)[C@H](CCC(=O)O)NC(=O)CNC1=O,3.1,8.508638306165727
CHEMBL4764193,C[C@@H](O)[C@@H]1NC(=O)[C@H](CCC(=O)O)NC(=O)[C@@H]2C[C@H](F)CN2C(=O)[C@H](CC(=O)O)NC(=O)[C@@H](NC(=O)[C@H](CCCNC(=N)N)NC(=O)[C@H](CCCNC(=N)N)NC(=O)[C@H](CCCNC(=N)N)NC(=O)[C@H](CCCNC(=N)N)NC(=O)[C@H](CCCNC(=N)N)NC(=O)[C@H](CCCNC(=N)N)NC(=O)[C@H](CCCNC(=N)N)NC(=O)[C@H](CCCNC(=N)N)NC(=O)[C@@H](N)CCCNC(=N)N)CCC(=O)NC[C@@H](C(N)=O)NC(=O)[C@H](CCC(=O)O)NC(=O)CNC1=O,3.4,8.468521082957745
CHEMBL4785277,CC[C@H](C)[C@H](NC(=O)[C@H](CO)NC(=O)[C@H](C)NC(=O)[C@@H](N)CCSC)C(=O)N[C@@H](Cc1c[nH]c2ccccc12)C(=O)N[C@H](C(=O)NCC(=O)N[C@@H](Cc1c[nH]cn1)C(=O)N[C@@H](CCCNC(=N)N)C(=O)NCC(=O)N[C@H]1CCC(=O)NC[C@@H](C(N)=O)NC(=O)[C@H](CCC(=O)O)NC(=O)CNC(=O)[C@H]([C@@H](C)O)NC(=O)[C@H](CCC(=O)O)NC(=O)[C@@H]2C[C@H](F)CN2C(=O)[C@H](CC(=O)O)NC1=O)C(C)C,26.0,7.585026652029182
CHEMBL4755277,CC[C@H](C)[C@H](NC(=O)[C@H](CC(C)C)N1CCC[C@H]1C(N)=O)C(=O)N[C@@H](CC(C)C)C(=O)N[C@@H](CC(C)C)C(=O)N[C@@H](CCCNC(=N)N)C(=O)N[C@@H](CC(C)C)C(=O)N[C@@H](CC(C)C)C(=O)N[C@@H](CCCNC(=N)N)C(=O)NCC(=O)N[C@@H](CCC(N)=O)C(=O)N[C@@H](Cc1ccccc1)C(=O)N[C@H]1CCn2cc(nn2)C[C@@H](C(N)=O)NC(=O)[C@H](CCC(=O)O)NC(=O)CNC(=O)[C@H]([C@@H](C)O)NC(=O)[C@H](CCC(=O)O)NC(=O)[C@@H]2C[C@H](F)CN2C(=O)[C@H](CC(=O)O)NC1=O,4.7,8.327902142064282
CHEMBL4788971,CC(C)C[C@H](NC(=O)[C@H](CS)NC(=O)[C@@H](N)CC(C)C)C(=O)N[C@@H](CCCNC(=N)N)C(=O)N1CCC[C@H]1C(=O)N[C@H](C(=O)NCC(=O)N[C@H]1CCn2cc(nn2)C[C@@H](C(N)=O)NC(=O)[C@H](CCC(=O)O)NC(=O)CNC(=O)[C@H]([C@@H](C)O)NC(=O)[C@H](CCC(=O)O)NC(=O)[C@@H]2C[C@H](F)CN2C(=O)[C@H](CC(=O)O)NC1=O)C(C)C,3.6,8.443697499232712
CHEMBL4747827,CC[C@H](C)[C@H](NC(=O)[C@H](CCCCN)NC(=O)[C@@H](NC(=O)[C@H](CCC(N)=O)NC(=O)[C@@H](N)CCCNC(=N)N)[C@@H](C)CC)C(=O)N[C@@H](Cc1c[nH]c2ccccc12)C(=O)N[C@@H](Cc1ccccc1)C(=O)N[C@@H](CCC(N)=O)C(=O)N[C@@H](CC(N)=O)C(=O)N[C@@H](CCCNC(=N)N)C(=O)N[C@@H](CCCNC(=N)N)C(=O)N[C@@H](CCSC)C(=O)N[C@@H](CCCCN)C(=O)N[C@@H](Cc1c[nH]c2ccccc12)C(=O)N[C@@H](CCCCN)C(=O)N[C@@H](CCCCN)C(=O)N[C@H]1CCn2cc(nn2)C[C@@H](C(N)=O)NC(=O)[C@H](CCC(=O)O)NC(=O)CNC(=O)[C@H]([C@@H](C)O)NC(=O)[C@H](CCC(=O)O)NC(=O)[C@@H]2C[C@H](F)CN2C(=O)[C@H](CC(=O)O)NC1=O,4.2,8.3767507096021
CHEMBL4747964,C[C@@H](O)[C@@H]1NC(=O)[C@H](CCC(=O)O)NC(=O)[C@@H]2C[C@H](F)CN2C(=O)[C@H](CC(=O)O)NC(=O)[C@@H](NC(=O)[C@H](CCCNC(=N)N)NC(=O)[C@H](CCCNC(=N)N)NC(=O)[C@H](CCCNC(=N)N)NC(=O)[C@H](CCC(N)=O)NC(=O)[C@H](CCCNC(=N)N)NC(=O)[C@H](CCCNC(=N)N)NC(=O)[C@H](CCCCN)NC(=O)[C@H](CCCCN)NC(=O)[C@H](CCCNC(=N)N)NC(=O)CNC(=O)[C@@H](N)Cc2ccc(O)cc2)CCn2cc(nn2)C[C@@H](C(N)=O)NC(=O)[C@H](CCC(=O)O)NC(=O)CNC1=O,3.0,8.522878745280337
CHEMBL4740349,C[C@@H](O)[C@@H]1NC(=O)[C@H](CCC(=O)O)NC(=O)[C@@H]2C[C@H](F)CN2C(=O)[C@H](CC(=O)O)NC(=O)[C@@H](NC(=O)[C@H](CCCNC(=N)N)NC(=O)[C@H](CCCNC(=N)N)NC(=O)[C@H](CCCNC(=N)N)NC(=O)[C@H](CCCNC(=N)N)NC(=O)[C@H](CCCNC(=N)N)NC(=O)[C@H](CCCNC(=N)N)NC(=O)[C@H](CCCNC(=N)N)NC(=O)[C@H](CCCNC(=N)N)NC(=O)[C@@H](N)CCCNC(=N)N)CCn2cc(nn2)C[C@@H](C(N)=O)NC(=O)[C@H](CCC(=O)O)NC(=O)CNC1=O,7.4,8.130768280269024
CHEMBL4740544,CC[C@H](C)[C@H](NC(=O)[C@H](CO)NC(=O)[C@H](C)NC(=O)[C@@H](N)CCSC)C(=O)N[C@@H](Cc1c[nH]c2ccccc12)C(=O)N[C@H](C(=O)NCC(=O)N[C@@H](Cc1c[nH]cn1)C(=O)N[C@@H](CCCNC(=N)N)C(=O)NCC(=O)N[C@H]1CCn2cc(nn2)C[C@@H](C(N)=O)NC(=O)[C@H](CCC(=O)O)NC(=O)CNC(=O)[C@H]([C@@H](C)O)NC(=O)[C@H](CCC(=O)O)NC(=O)[C@@H]2C[C@H](F)CN2C(=O)[C@H](CC(=O)O)NC1=O)C(C)C,17.0,7.769551078621726
CHEMBL5176959,C[C@@H](O)[C@@H]1NC(=O)[C@H](CCC(=O)O)NC(=O)[C@H](CO)NC(=O)[C@H](CC(=O)O)NC(=O)[C@@H](N)Cc2ccc(cc2)OCCSC[C@@H](C(=O)O)NC(=O)[C@H](CCC(=O)O)NC(=O)CNC1=O,2.8,8.55284196865778
CHEMBL5275178,O=C(O)[C@H]1CCC[C@H]1C(=O)N1CCc2c(O)cccc2[C@H]1CN1C(=O)c2ccccc2C1=O,98.0,7.008773924307505
CHEMBL5272223,CC(=O)N[C@@H](CC(=O)O)C(=O)N1CSC[C@H]1C(=O)N[C@@H](CCC(=O)O)C(=O)N[C@H](C(=O)NCC(=O)N[C@@H](CCC(=O)O)C(=O)N[C@@H](CC1CCCCC1)C(=O)O)[C@@H](C)O,31.0,7.508638306165727
